<form>
<view>
<name>visit_customform</name>
<caption><![CDATA[Visit_customform]]></caption>
<row>
<datePicker>
<name>diagnosis_date</name>
<udn>diagnosis_date</udn>
<caption><![CDATA[Diagnosis Date]]></caption>
<phi>false</phi>
<mandatory>false</mandatory>
<toolTip><![CDATA[]]></toolTip>
<showLabel>true</showLabel>
<showInGrid>false</showInGrid>
<hidden>false</hidden>
<format>dd-MM-yyyy</format>
<showCal>true</showCal>
<default>none</default>
</datePicker>
</row>
</view>
<deletedFields>
<field udn="additional_details"/>
</deletedFields>
<skipRules>
</skipRules>
</form>
