<form>
<view>
<name>specimen1_customform</name>
<caption><![CDATA[Specimen_customform]]></caption>
<row>
<numberField>
<name>percent_circulating_blasts</name>
<udn>percent_circulating_blasts</udn>
<caption><![CDATA[Circulating Blasts (%)]]></caption>
<phi>false</phi>
<mandatory>false</mandatory>
<toolTip><![CDATA[(%)]]></toolTip>
<showLabel>true</showLabel>
<showInGrid>false</showInGrid>
<hidden>false</hidden>
<width>0</width>
<defaultValue><![CDATA[]]></defaultValue>
<noOfDigits>19</noOfDigits>
</numberField>
</row>
<row>
<numberField>
<name>bm_blasts</name>
<udn>bm_blasts</udn>
<caption><![CDATA[BM Blasts (%)]]></caption>
<phi>false</phi>
<mandatory>false</mandatory>
<toolTip><![CDATA[(%)]]></toolTip>
<showLabel>true</showLabel>
<showInGrid>false</showInGrid>
<hidden>false</hidden>
<width>0</width>
<defaultValue><![CDATA[]]></defaultValue>
<noOfDigits>19</noOfDigits>
</numberField>
</row>
<row>
<numberField>
<name>viability</name>
<udn>viability</udn>
<caption><![CDATA[Viability (%)]]></caption>
<phi>false</phi>
<mandatory>false</mandatory>
<toolTip><![CDATA[(%)]]></toolTip>
<showLabel>true</showLabel>
<showInGrid>false</showInGrid>
<hidden>false</hidden>
<width>0</width>
<defaultValue><![CDATA[]]></defaultValue>
<noOfDigits>19</noOfDigits>
</numberField>
</row>
<row>
<datePicker>
<name>date_of_destruction</name>
<udn>date_of_destruction</udn>
<caption><![CDATA[Date of Destruction]]></caption>
<phi>false</phi>
<mandatory>false</mandatory>
<toolTip><![CDATA[]]></toolTip>
<showLabel>true</showLabel>
<showInGrid>false</showInGrid>
<hidden>false</hidden>
<format>dd-MM-yyyy</format>
<showCal>true</showCal>
<default>none</default>
</datePicker>
</row>
<row>
<textField>
<name>destruction_reason</name>
<udn>destruction_reason</udn>
<caption><![CDATA[Destruction Reason]]></caption>
<phi>false</phi>
<mandatory>false</mandatory>
<toolTip><![CDATA[]]></toolTip>
<showLabel>true</showLabel>
<showInGrid>false</showInGrid>
<hidden>false</hidden>
<width>0</width>
<defaultValue><![CDATA[]]></defaultValue>
<url>false</url>
<password>false</password>
</textField>
</row>
<row>
<textField>
<name>units</name>
<udn>units</udn>
<caption><![CDATA[Units]]></caption>
<phi>false</phi>
<mandatory>false</mandatory>
<toolTip><![CDATA[]]></toolTip>
<showLabel>true</showLabel>
<showInGrid>false</showInGrid>
<hidden>false</hidden>
<width>0</width>
<defaultValue><![CDATA[]]></defaultValue>
<url>false</url>
<password>false</password>
</textField>
</row>
</view>
<deletedFields>
</deletedFields>
<skipRules>
</skipRules>
</form>
