<form>
<view>
<name>participant_customform</name>
<caption><![CDATA[Participant_customform]]></caption>
<row>
<textField>
<name>contact1_last_name</name>
<udn>contact1_last_name</udn>
<caption><![CDATA[Contact1_Last Name]]></caption>
<phi>false</phi>
<mandatory>false</mandatory>
<toolTip><![CDATA[]]></toolTip>
<showLabel>true</showLabel>
<showInGrid>false</showInGrid>
<hidden>false</hidden>
<width>0</width>
<defaultValue><![CDATA[]]></defaultValue>
<url>false</url>
<password>false</password>
</textField>
</row>
<row>
<textField>
<name>contact1_first_name</name>
<udn>contact1_first_name</udn>
<caption><![CDATA[Contact1_First Name]]></caption>
<phi>false</phi>
<mandatory>false</mandatory>
<toolTip><![CDATA[]]></toolTip>
<showLabel>true</showLabel>
<showInGrid>false</showInGrid>
<hidden>false</hidden>
<width>0</width>
<defaultValue><![CDATA[]]></defaultValue>
<url>false</url>
<password>false</password>
</textField>
</row>
<row>
<textField>
<name>contact1_address</name>
<udn>contact1_address</udn>
<caption><![CDATA[Contact1_Address]]></caption>
<phi>false</phi>
<mandatory>false</mandatory>
<toolTip><![CDATA[]]></toolTip>
<showLabel>true</showLabel>
<showInGrid>false</showInGrid>
<hidden>false</hidden>
<width>0</width>
<defaultValue><![CDATA[]]></defaultValue>
<url>false</url>
<password>false</password>
</textField>
</row>
<row>
<textField>
<name>contact1_phone_</name>
<udn>contact1_phone_</udn>
<caption><![CDATA[Contact1_Phone]]></caption>
<phi>false</phi>
<mandatory>false</mandatory>
<toolTip><![CDATA[]]></toolTip>
<showLabel>true</showLabel>
<showInGrid>false</showInGrid>
<hidden>false</hidden>
<width>0</width>
<defaultValue><![CDATA[]]></defaultValue>
<url>false</url>
<password>false</password>
</textField>
</row>
<row>
<textField>
<name>contact2_last_name</name>
<udn>contact2_last_name</udn>
<caption><![CDATA[Contact2_Last Name]]></caption>
<phi>false</phi>
<mandatory>false</mandatory>
<toolTip><![CDATA[]]></toolTip>
<showLabel>true</showLabel>
<showInGrid>false</showInGrid>
<hidden>false</hidden>
<width>0</width>
<defaultValue><![CDATA[]]></defaultValue>
<url>false</url>
<password>false</password>
</textField>
</row>
<row>
<textField>
<name>contact2_first_name</name>
<udn>contact2_first_name</udn>
<caption><![CDATA[Contact2_First Name]]></caption>
<phi>false</phi>
<mandatory>false</mandatory>
<toolTip><![CDATA[]]></toolTip>
<showLabel>true</showLabel>
<showInGrid>false</showInGrid>
<hidden>false</hidden>
<width>0</width>
<defaultValue><![CDATA[]]></defaultValue>
<url>false</url>
<password>false</password>
</textField>
</row>
<row>
<textField>
<name>contact2_address</name>
<udn>contact2_address</udn>
<caption><![CDATA[Contact2_Address]]></caption>
<phi>false</phi>
<mandatory>false</mandatory>
<toolTip><![CDATA[]]></toolTip>
<showLabel>true</showLabel>
<showInGrid>false</showInGrid>
<hidden>false</hidden>
<width>0</width>
<defaultValue><![CDATA[]]></defaultValue>
<url>false</url>
<password>false</password>
</textField>
</row>
<row>
<textField>
<name>contact2_phone_</name>
<udn>contact2_phone_</udn>
<caption><![CDATA[Contact2_Phone]]></caption>
<phi>false</phi>
<mandatory>false</mandatory>
<toolTip><![CDATA[]]></toolTip>
<showLabel>true</showLabel>
<showInGrid>false</showInGrid>
<hidden>false</hidden>
<width>0</width>
<defaultValue><![CDATA[]]></defaultValue>
<url>false</url>
<password>false</password>
</textField>
</row>
<row>
<datePicker>
<name>no_more_samples_date</name>
<udn>no_more_samples_date</udn>
<caption><![CDATA[NoMoreSamplesDate]]></caption>
<phi>false</phi>
<mandatory>false</mandatory>
<toolTip><![CDATA[]]></toolTip>
<showLabel>true</showLabel>
<showInGrid>false</showInGrid>
<hidden>false</hidden>
<format>dd-MM-yyyy</format>
<showCal>true</showCal>
<default>none</default>
</datePicker>
</row>
<row>
<textField>
<name>accession_number</name>
<udn>accession_number</udn>
<caption><![CDATA[Accession Number]]></caption>
<phi>false</phi>
<mandatory>false</mandatory>
<toolTip><![CDATA[]]></toolTip>
<showLabel>true</showLabel>
<showInGrid>false</showInGrid>
<hidden>false</hidden>
<width>0</width>
<defaultValue><![CDATA[]]></defaultValue>
<url>false</url>
<password>false</password>
</textField>
</row>
<row>
<textArea>
<name>comments_</name>
<udn>comments_</udn>
<caption><![CDATA[Comments]]></caption>
<phi>false</phi>
<mandatory>false</mandatory>
<showLabel>true</showLabel>
<showInGrid>false</showInGrid>
<hidden>false</hidden>
<width>0</width>
<defaultValue><![CDATA[]]></defaultValue>
<height>0</height>
</textArea>
</row>
<row>
<datePicker>
<name>no_more_samples_date_</name>
<udn>no_more_samples_date_</udn>
<caption><![CDATA[No More Samples Date]]></caption>
<phi>false</phi>
<mandatory>false</mandatory>
<showLabel>true</showLabel>
<showInGrid>false</showInGrid>
<hidden>false</hidden>
<format>dd-MM-yyyy</format>
<showCal>true</showCal>
<default>none</default>
</datePicker>
</row>
<row>
<pvField>
<name>diagnosis</name>
<udn>diagnosis</udn>
<caption><![CDATA[Diagnosis]]></caption>
<phi>false</phi>
<mandatory>false</mandatory>
<showLabel>true</showLabel>
<showInGrid>false</showInGrid>
<hidden>false</hidden>
<attribute>clinical_diagnosis</attribute>
<leafValue>false</leafValue>
<rootValue>false</rootValue>
</pvField>
</row>
<row>
<datePicker>
<name>diagnosis_date</name>
<udn>diagnosis_date</udn>
<caption><![CDATA[Diagnosis Date]]></caption>
<phi>false</phi>
<mandatory>false</mandatory>
<showLabel>true</showLabel>
<showInGrid>false</showInGrid>
<hidden>false</hidden>
<format>dd-MM-yyyy</format>
<showCal>true</showCal>
<default>none</default>
</datePicker>
</row>
</view>
<deletedFields>
<field udn="comments"/>
<field udn="ref_doc"/>
</deletedFields>
<skipRules>
</skipRules>
</form>
